driverId,driverRef,code,forename,surname,nationality,driver_name,constructorId,constructor_name,career_avg_finish,career_race_count,career_avg_points
1,hamilton,HAM,Lewis,Hamilton,British,Lewis Hamilton,131.0,Mercedes,3.1021505376344085,186.0,17.217741935483872
2,heidfeld,HEI,Nick,Heidfeld,German,Nick Heidfeld,,,,,
3,rosberg,ROS,Nico,Rosberg,German,Nico Rosberg,131.0,Mercedes,2.6315789473684212,38.0,18.605263157894736
4,alonso,ALO,Fernando,Alonso,Spanish,Fernando Alonso,1.0,McLaren,9.28688524590164,122.0,4.368852459016393
4,alonso,ALO,Fernando,Alonso,Spanish,Fernando Alonso,214.0,Alpine F1 Team,9.28688524590164,122.0,4.368852459016393
4,alonso,ALO,Fernando,Alonso,Spanish,Fernando Alonso,117.0,Aston Martin,9.28688524590164,122.0,4.368852459016393
5,kovalainen,KOV,Heikki,Kovalainen,Finnish,Heikki Kovalainen,,,,,
6,nakajima,NAK,Kazuki,Nakajima,Japanese,Kazuki Nakajima,,,,,
7,bourdais,BOU,Sébastien,Bourdais,French,Sébastien Bourdais,,,,,
8,raikkonen,RAI,Kimi,Räikkönen,Finnish,Kimi Räikkönen,6.0,Ferrari,7.779661016949152,118.0,7.194915254237288
8,raikkonen,RAI,Kimi,Räikkönen,Finnish,Kimi Räikkönen,51.0,Alfa Romeo,7.779661016949152,118.0,7.194915254237288
9,kubica,KUB,Robert,Kubica,Polish,Robert Kubica,3.0,Williams,16.714285714285715,21.0,0.047619047619047616
9,kubica,KUB,Robert,Kubica,Polish,Robert Kubica,51.0,Alfa Romeo,16.714285714285715,21.0,0.047619047619047616
10,glock,GLO,Timo,Glock,German,Timo Glock,,,,,
11,sato,SAT,Takuma,Sato,Japanese,Takuma Sato,,,,,
12,piquet_jr,PIQ,Nelson,Piquet Jr.,Brazilian,Nelson Piquet Jr.,,,,,
13,massa,MAS,Felipe,Massa,Brazilian,Felipe Massa,3.0,Williams,8.882352941176471,51.0,4.254901960784314
14,coulthard,COU,David,Coulthard,British,David Coulthard,,,,,
15,trulli,TRU,Jarno,Trulli,Italian,Jarno Trulli,,,,,
16,sutil,SUT,Adrian,Sutil,German,Adrian Sutil,,,,,
17,webber,WEB,Mark,Webber,Australian,Mark Webber,,,,,
18,button,BUT,Jenson,Button,British,Jenson Button,1.0,McLaren,11.607142857142858,28.0,1.3214285714285714
19,davidson,DAV,Anthony,Davidson,British,Anthony Davidson,,,,,
20,vettel,VET,Sebastian,Vettel,German,Sebastian Vettel,6.0,Ferrari,6.1875,144.0,10.277777777777779
20,vettel,VET,Sebastian,Vettel,German,Sebastian Vettel,117.0,Aston Martin,6.1875,144.0,10.277777777777779
21,fisichella,FIS,Giancarlo,Fisichella,Italian,Giancarlo Fisichella,,,,,
22,barrichello,BAR,Rubens,Barrichello,Brazilian,Rubens Barrichello,,,,,
23,ralf_schumacher,SCH,Ralf,Schumacher,German,Ralf Schumacher,,,,,
24,liuzzi,LIU,Vitantonio,Liuzzi,Italian,Vitantonio Liuzzi,,,,,
25,wurz,WUR,Alexander,Wurz,Austrian,Alexander Wurz,,,,,
26,speed,SPE,Scott,Speed,American,Scott Speed,,,,,
27,albers,ALB,Christijan,Albers,Dutch,Christijan Albers,,,,,
28,markus_winkelhock,WIN,Markus,Winkelhock,German,Markus Winkelhock,,,,,
29,yamamoto,YAM,Sakon,Yamamoto,Japanese,Sakon Yamamoto,,,,,
30,michael_schumacher,MSC,Michael,Schumacher,German,Michael Schumacher,,,,,
31,montoya,MON,Juan,Pablo Montoya,Colombian,Juan Pablo Montoya,,,,,
32,klien,KLI,Christian,Klien,Austrian,Christian Klien,,,,,
33,monteiro,TMO,Tiago,Monteiro,Portuguese,Tiago Monteiro,,,,,
34,ide,IDE,Yuji,Ide,Japanese,Yuji Ide,,,,,
35,villeneuve,VIL,Jacques,Villeneuve,Canadian,Jacques Villeneuve,,,,,
36,montagny,FMO,Franck,Montagny,French,Franck Montagny,,,,,
37,rosa,DLR,Pedro,de la Rosa,Spanish,Pedro de la Rosa,,,,,
38,doornbos,DOO,Robert,Doornbos,Dutch,Robert Doornbos,,,,,
39,karthikeyan,KAR,Narain,Karthikeyan,Indian,Narain Karthikeyan,,,,,
40,friesacher,FRI,Patrick,Friesacher,Austrian,Patrick Friesacher,,,,,
41,zonta,ZON,Ricardo,Zonta,Brazilian,Ricardo Zonta,,,,,
42,pizzonia,PIZ,Antônio,Pizzonia,Brazilian,Antônio Pizzonia,,,,,
43,matta,\N,Cristiano,da Matta,Brazilian,Cristiano da Matta,,,,,
44,panis,\N,Olivier,Panis,French,Olivier Panis,,,,,
45,pantano,\N,Giorgio,Pantano,Italian,Giorgio Pantano,,,,,
46,bruni,\N,Gianmaria,Bruni,Italian,Gianmaria Bruni,,,,,
47,baumgartner,\N,Zsolt,Baumgartner,Hungarian,Zsolt Baumgartner,,,,,
48,gene,\N,Marc,Gené,Spanish,Marc Gené,,,,,
49,frentzen,\N,Heinz-Harald,Frentzen,German,Heinz-Harald Frentzen,,,,,
50,verstappen,\N,Jos,Verstappen,Dutch,Jos Verstappen,,,,,
51,wilson,\N,Justin,Wilson,British,Justin Wilson,,,,,
52,firman,\N,Ralph,Firman,Irish,Ralph Firman,,,,,
53,kiesa,\N,Nicolas,Kiesa,Danish,Nicolas Kiesa,,,,,
54,burti,\N,Luciano,Burti,Brazilian,Luciano Burti,,,,,
55,alesi,\N,Jean,Alesi,French,Jean Alesi,,,,,
56,irvine,\N,Eddie,Irvine,British,Eddie Irvine,,,,,
57,hakkinen,\N,Mika,Häkkinen,Finnish,Mika Häkkinen,,,,,
58,marques,\N,Tarso,Marques,Brazilian,Tarso Marques,,,,,
59,bernoldi,\N,Enrique,Bernoldi,Brazilian,Enrique Bernoldi,,,,,
60,mazzacane,\N,Gastón,Mazzacane,Argentine,Gastón Mazzacane,,,,,
61,enge,\N,Tomáš,Enge,Czech,Tomáš Enge,,,,,
62,yoong,\N,Alex,Yoong,Malaysian,Alex Yoong,,,,,
63,salo,\N,Mika,Salo,Finnish,Mika Salo,,,,,
64,diniz,\N,Pedro,Diniz,Brazilian,Pedro Diniz,,,,,
65,herbert,\N,Johnny,Herbert,British,Johnny Herbert,,,,,
66,mcnish,\N,Allan,McNish,British,Allan McNish,,,,,
67,buemi,BUE,Sébastien,Buemi,Swiss,Sébastien Buemi,,,,,
68,takagi,\N,Toranosuke,Takagi,Japanese,Toranosuke Takagi,,,,,
69,badoer,BAD,Luca,Badoer,Italian,Luca Badoer,,,,,
70,zanardi,\N,Alessandro,Zanardi,Italian,Alessandro Zanardi,,,,,
71,damon_hill,\N,Damon,Hill,British,Damon Hill,,,,,
72,sarrazin,\N,Stéphane,Sarrazin,French,Stéphane Sarrazin,,,,,
73,rosset,\N,Ricardo,Rosset,Brazilian,Ricardo Rosset,,,,,
74,tuero,\N,Esteban,Tuero,Argentine,Esteban Tuero,,,,,
75,nakano,\N,Shinji,Nakano,Japanese,Shinji Nakano,,,,,
76,magnussen,MAG,Jan,Magnussen,Danish,Jan Magnussen,,,,,
77,berger,\N,Gerhard,Berger,Austrian,Gerhard Berger,,,,,
78,larini,\N,Nicola,Larini,Italian,Nicola Larini,,,,,
79,katayama,\N,Ukyo,Katayama,Japanese,Ukyo Katayama,,,,,
80,sospiri,\N,Vincenzo,Sospiri,Italian,Vincenzo Sospiri,,,,,
81,morbidelli,\N,Gianni,Morbidelli,Italian,Gianni Morbidelli,,,,,
82,fontana,\N,Norberto,Fontana,Argentine,Norberto Fontana,,,,,
83,lamy,\N,Pedro,Lamy,Portuguese,Pedro Lamy,,,,,
84,brundle,\N,Martin,Brundle,British,Martin Brundle,,,,,
85,montermini,\N,Andrea,Montermini,Italian,Andrea Montermini,,,,,
86,lavaggi,\N,Giovanni,Lavaggi,Italian,Giovanni Lavaggi,,,,,
87,blundell,\N,Mark,Blundell,British,Mark Blundell,,,,,
88,suzuki,\N,Aguri,Suzuki,Japanese,Aguri Suzuki,,,,,
89,inoue,\N,Taki,Inoue,Japanese,Taki Inoue,,,,,
90,moreno,\N,Roberto,Moreno,Brazilian,Roberto Moreno,,,,,
91,wendlinger,\N,Karl,Wendlinger,Austrian,Karl Wendlinger,,,,,
92,gachot,\N,Bertrand,Gachot,Belgian,Bertrand Gachot,,,,,
93,schiattarella,\N,Domenico,Schiattarella,Italian,Domenico Schiattarella,,,,,
94,martini,\N,Pierluigi,Martini,Italian,Pierluigi Martini,,,,,
95,mansell,\N,Nigel,Mansell,British,Nigel Mansell,,,,,
96,boullion,\N,Jean-Christophe,Boullion,French,Jean-Christophe Boullion,,,,,
97,papis,\N,Massimiliano,Papis,Italian,Massimiliano Papis,,,,,
98,deletraz,\N,Jean-Denis,Délétraz,Swiss,Jean-Denis Délétraz,,,,,
99,tarquini,\N,Gabriele,Tarquini,Italian,Gabriele Tarquini,,,,,
100,comas,\N,Érik,Comas,French,Érik Comas,,,,,
101,brabham,\N,David,Brabham,Australian,David Brabham,,,,,
102,senna,\N,Ayrton,Senna,Brazilian,Ayrton Senna,,,,,
103,bernard,\N,Éric,Bernard,French,Éric Bernard,,,,,
104,fittipaldi,\N,Christian,Fittipaldi,Brazilian,Christian Fittipaldi,,,,,
105,alboreto,\N,Michele,Alboreto,Italian,Michele Alboreto,,,,,
106,beretta,\N,Olivier,Beretta,Monegasque,Olivier Beretta,,,,,
107,ratzenberger,\N,Roland,Ratzenberger,Austrian,Roland Ratzenberger,,,,,
108,belmondo,\N,Paul,Belmondo,French,Paul Belmondo,,,,,
109,lehto,\N,Jyrki,Järvilehto,Finnish,Jyrki Järvilehto,,,,,
110,cesaris,\N,Andrea,de Cesaris,Italian,Andrea de Cesaris,,,,,
111,gounon,\N,Jean-Marc,Gounon,French,Jean-Marc Gounon,,,,,
112,alliot,\N,Philippe,Alliot,French,Philippe Alliot,,,,,
113,adams,\N,Philippe,Adams,Belgian,Philippe Adams,,,,,
114,dalmas,\N,Yannick,Dalmas,French,Yannick Dalmas,,,,,
115,noda,\N,Hideki,Noda,Japanese,Hideki Noda,,,,,
116,lagorce,\N,Franck,Lagorce,French,Franck Lagorce,,,,,
117,prost,\N,Alain,Prost,French,Alain Prost,,,,,
118,warwick,\N,Derek,Warwick,British,Derek Warwick,,,,,
119,patrese,\N,Riccardo,Patrese,Italian,Riccardo Patrese,,,,,
120,barbazza,\N,Fabrizio,Barbazza,Italian,Fabrizio Barbazza,,,,,
121,andretti,\N,Michael,Andretti,American,Michael Andretti,,,,,
122,capelli,\N,Ivan,Capelli,Italian,Ivan Capelli,,,,,
123,boutsen,\N,Thierry,Boutsen,Belgian,Thierry Boutsen,,,,,
124,apicella,\N,Marco,Apicella,Italian,Marco Apicella,,,,,
125,naspetti,\N,Emanuele,Naspetti,Italian,Emanuele Naspetti,,,,,
126,toshio_suzuki,\N,Toshio,Suzuki,Japanese,Toshio Suzuki,,,,,
127,gugelmin,\N,Maurício,Gugelmin,Brazilian,Maurício Gugelmin,,,,,
128,poele,\N,Eric,van de Poele,Belgian,Eric van de Poele,,,,,
129,grouillard,\N,Olivier,Grouillard,French,Olivier Grouillard,,,,,
130,chiesa,\N,Andrea,Chiesa,Swiss,Andrea Chiesa,,,,,
131,modena,\N,Stefano,Modena,Italian,Stefano Modena,,,,,
132,amati,\N,Giovanna,Amati,Italian,Giovanna Amati,,,,,
133,caffi,\N,Alex,Caffi,Italian,Alex Caffi,,,,,
134,bertaggia,\N,Enrico,Bertaggia,Italian,Enrico Bertaggia,,,,,
135,mccarthy,\N,Perry,McCarthy,British,Perry McCarthy,,,,,
136,lammers,\N,Jan,Lammers,Dutch,Jan Lammers,,,,,
137,piquet,\N,Nelson,Piquet,Brazilian,Nelson Piquet,,,,,
138,satoru_nakajima,\N,Satoru,Nakajima,Japanese,Satoru Nakajima,,,,,
139,pirro,\N,Emanuele,Pirro,Italian,Emanuele Pirro,,,,,
140,johansson,\N,Stefan,Johansson,Swedish,Stefan Johansson,,,,,
141,bailey,\N,Julian,Bailey,British,Julian Bailey,,,,,
142,chaves,\N,Pedro,Chaves,Portuguese,Pedro Chaves,,,,,
143,bartels,\N,Michael,Bartels,German,Michael Bartels,,,,,
144,hattori,\N,Naoki,Hattori,Japanese,Naoki Hattori,,,,,
145,nannini,\N,Alessandro,Nannini,Italian,Alessandro Nannini,,,,,
146,schneider,\N,Bernd,Schneider,German,Bernd Schneider,,,,,
147,barilla,\N,Paolo,Barilla,Italian,Paolo Barilla,,,,,
148,foitek,\N,Gregor,Foitek,Swiss,Gregor Foitek,,,,,
149,langes,\N,Claudio,Langes,Italian,Claudio Langes,,,,,
150,gary_brabham,\N,Gary,Brabham,Australian,Gary Brabham,,,,,
151,donnelly,\N,Martin,Donnelly,British,Martin Donnelly,,,,,
152,giacomelli,\N,Bruno,Giacomelli,Italian,Bruno Giacomelli,,,,,
153,alguersuari,ALG,Jaime,Alguersuari,Spanish,Jaime Alguersuari,,,,,
154,grosjean,GRO,Romain,Grosjean,French,Romain Grosjean,208.0,Lotus F1,11.659090909090908,88.0,1.7613636363636365
154,grosjean,GRO,Romain,Grosjean,French,Romain Grosjean,210.0,Haas F1 Team,11.659090909090908,88.0,1.7613636363636365
155,kobayashi,KOB,Kamui,Kobayashi,Japanese,Kamui Kobayashi,,,,,
156,palmer,\N,Jonathan,Palmer,British,Jonathan Palmer,,,,,
157,danner,\N,Christian,Danner,German,Christian Danner,,,,,
158,cheever,\N,Eddie,Cheever,American,Eddie Cheever,,,,,
159,sala,\N,Luis,Pérez-Sala,Spanish,Luis Pérez-Sala,,,,,
160,ghinzani,\N,Piercarlo,Ghinzani,Italian,Piercarlo Ghinzani,,,,,
161,weidler,\N,Volker,Weidler,German,Volker Weidler,,,,,
162,raphanel,\N,Pierre-Henri,Raphanel,French,Pierre-Henri Raphanel,,,,,
163,arnoux,\N,René,Arnoux,French,René Arnoux,,,,,
164,joachim_winkelhock,\N,Joachim,Winkelhock,German,Joachim Winkelhock,,,,,
165,larrauri,\N,Oscar,Larrauri,Argentine,Oscar Larrauri,,,,,
166,streiff,\N,Philippe,Streiff,French,Philippe Streiff,,,,,
167,campos,\N,Adrián,Campos,Spanish,Adrián Campos,,,,,
168,schlesser,\N,Jean-Louis,Schlesser,French,Jean-Louis Schlesser,,,,,
169,fabre,\N,Pascal,Fabre,French,Pascal Fabre,,,,,
170,fabi,\N,Teo,Fabi,Italian,Teo Fabi,,,,,
171,forini,\N,Franco,Forini,Swiss,Franco Forini,,,,,
172,laffite,\N,Jacques,Laffite,French,Jacques Laffite,,,,,
173,angelis,\N,Elio,de Angelis,Italian,Elio de Angelis,,,,,
174,dumfries,\N,Johnny,Dumfries,British,Johnny Dumfries,,,,,
175,tambay,\N,Patrick,Tambay,French,Patrick Tambay,,,,,
176,surer,\N,Marc,Surer,Swiss,Marc Surer,,,,,
177,keke_rosberg,\N,Keke,Rosberg,Finnish,Keke Rosberg,,,,,
178,jones,\N,Alan,Jones,Australian,Alan Jones,,,,,
179,rothengatter,\N,Huub,Rothengatter,Dutch,Huub Rothengatter,,,,,
180,berg,\N,Allen,Berg,Canadian,Allen Berg,,,,,
181,manfred_winkelhock,\N,Manfred,Winkelhock,German,Manfred Winkelhock,,,,,
182,lauda,\N,Niki,Lauda,Austrian,Niki Lauda,,,,,
183,hesnault,\N,François,Hesnault,French,François Hesnault,,,,,
184,baldi,\N,Mauro,Baldi,Italian,Mauro Baldi,,,,,
185,bellof,\N,Stefan,Bellof,German,Stefan Bellof,,,,,
186,acheson,\N,Kenny,Acheson,British,Kenny Acheson,,,,,
187,watson,\N,John,Watson,British,John Watson,,,,,
188,cecotto,\N,Johnny,Cecotto,Venezuelan,Johnny Cecotto,,,,,
189,gartner,\N,Jo,Gartner,Austrian,Jo Gartner,,,,,
190,corrado_fabi,\N,Corrado,Fabi,Italian,Corrado Fabi,,,,,
191,thackwell,\N,Mike,Thackwell,New Zealander,Mike Thackwell,,,,,
192,serra,\N,Chico,Serra,Brazilian,Chico Serra,,,,,
193,sullivan,\N,Danny,Sullivan,American,Danny Sullivan,,,,,
194,salazar,\N,Eliseo,Salazar,Chilean,Eliseo Salazar,,,,,
195,guerrero,\N,Roberto,Guerrero,Colombian,Roberto Guerrero,,,,,
196,boesel,\N,Raul,Boesel,Brazilian,Raul Boesel,,,,,
197,jarier,\N,Jean-Pierre,Jarier,French,Jean-Pierre Jarier,,,,,
198,villeneuve_sr,\N,Jacques,Villeneuve Sr.,Canadian,Jacques Villeneuve Sr.,,,,,
199,reutemann,\N,Carlos,Reutemann,Argentine,Carlos Reutemann,,,,,
200,mass,\N,Jochen,Mass,German,Jochen Mass,,,,,
201,borgudd,\N,Slim,Borgudd,Swedish,Slim Borgudd,,,,,
202,pironi,\N,Didier,Pironi,French,Didier Pironi,,,,,
203,gilles_villeneuve,\N,Gilles,Villeneuve,Canadian,Gilles Villeneuve,,,,,
204,paletti,\N,Riccardo,Paletti,Italian,Riccardo Paletti,,,,,
205,henton,\N,Brian,Henton,British,Brian Henton,,,,,
206,daly,\N,Derek,Daly,Irish,Derek Daly,,,,,
207,mario_andretti,\N,Mario,Andretti,American,Mario Andretti,,,,,
208,villota,\N,Emilio,de Villota,Spanish,Emilio de Villota,,,,,
209,lees,\N,Geoff,Lees,British,Geoff Lees,,,,,
210,byrne,\N,Tommy,Byrne,Irish,Tommy Byrne,,,,,
211,keegan,\N,Rupert,Keegan,British,Rupert Keegan,,,,,
212,rebaque,\N,Hector,Rebaque,Mexican,Hector Rebaque,,,,,
213,gabbiani,\N,Beppe,Gabbiani,Italian,Beppe Gabbiani,,,,,
214,cogan,\N,Kevin,Cogan,American,Kevin Cogan,,,,,
215,guerra,\N,Miguel Ángel,Guerra,Argentine,Miguel Ángel Guerra,,,,,
216,stohr,\N,Siegfried,Stohr,Italian,Siegfried Stohr,,,,,
217,zunino,\N,Ricardo,Zunino,Argentine,Ricardo Zunino,,,,,
218,londono,\N,Ricardo,Londoño,Colombian,Ricardo Londoño,,,,,
219,jabouille,\N,Jean-Pierre,Jabouille,French,Jean-Pierre Jabouille,,,,,
220,francia,\N,Giorgio,Francia,Italian,Giorgio Francia,,,,,
221,depailler,\N,Patrick,Depailler,French,Patrick Depailler,,,,,
222,scheckter,\N,Jody,Scheckter,South African,Jody Scheckter,,,,,
223,regazzoni,\N,Clay,Regazzoni,Swiss,Clay Regazzoni,,,,,
224,emerson_fittipaldi,\N,Emerson,Fittipaldi,Brazilian,Emerson Fittipaldi,,,,,
225,kennedy,\N,Dave,Kennedy,Irish,Dave Kennedy,,,,,
226,south,\N,Stephen,South,British,Stephen South,,,,,
227,needell,\N,Tiff,Needell,British,Tiff Needell,,,,,
228,desire_wilson,\N,Desiré,Wilson,South African,Desiré Wilson,,,,,
229,ertl,\N,Harald,Ertl,Austrian,Harald Ertl,,,,,
230,brambilla,\N,Vittorio,Brambilla,Italian,Vittorio Brambilla,,,,,
231,hunt,\N,James,Hunt,British,James Hunt,,,,,
232,merzario,\N,Arturo,Merzario,Italian,Arturo Merzario,,,,,
233,stuck,\N,Hans-Joachim,Stuck,German,Hans-Joachim Stuck,,,,,
234,brancatelli,\N,Gianfranco,Brancatelli,Italian,Gianfranco Brancatelli,,,,,
235,ickx,\N,Jacky,Ickx,Belgian,Jacky Ickx,,,,,
236,gaillard,\N,Patrick,Gaillard,French,Patrick Gaillard,,,,,
237,ribeiro,\N,Alex,Ribeiro,Brazilian,Alex Ribeiro,,,,,
238,peterson,\N,Ronnie,Peterson,Swedish,Ronnie Peterson,,,,,
239,lunger,\N,Brett,Lunger,American,Brett Lunger,,,,,
240,ongais,\N,Danny,Ongais,American,Danny Ongais,,,,,
241,leoni,\N,Lamberto,Leoni,Italian,Lamberto Leoni,,,,,
242,galica,\N,Divina,Galica,British,Divina Galica,,,,,
243,stommelen,\N,Rolf,Stommelen,German,Rolf Stommelen,,,,,
244,colombo,\N,Alberto,Colombo,Italian,Alberto Colombo,,,,,
245,trimmer,\N,Tony,Trimmer,British,Tony Trimmer,,,,,
246,binder,\N,Hans,Binder,Austrian,Hans Binder,,,,,
247,bleekemolen,\N,Michael,Bleekemolen,Dutch,Michael Bleekemolen,,,,,
248,gimax,\N,Carlo,Franchi,Italian,Carlo Franchi,,,,,
249,rahal,\N,Bobby,Rahal,American,Bobby Rahal,,,,,
250,pace,\N,Carlos,Pace,Brazilian,Carlos Pace,,,,,
251,ian_scheckter,\N,Ian,Scheckter,South African,Ian Scheckter,,,,,
252,pryce,\N,Tom,Pryce,British,Tom Pryce,,,,,
253,hoffmann,\N,Ingo,Hoffmann,Brazilian,Ingo Hoffmann,,,,,
254,zorzi,\N,Renzo,Zorzi,Italian,Renzo Zorzi,,,,,
255,nilsson,\N,Gunnar,Nilsson,Swedish,Gunnar Nilsson,,,,,
256,perkins,\N,Larry,Perkins,Australian,Larry Perkins,,,,,
257,hayje,\N,Boy,Lunger,Dutch,Boy Lunger,,,,,
258,neve,\N,Patrick,Nève,Belgian,Patrick Nève,,,,,
259,purley,\N,David,Purley,British,David Purley,,,,,
260,andersson,\N,Conny,Andersson,Swedish,Conny Andersson,,,,,
261,dryver,\N,Bernard,de Dryver,Belgian,Bernard de Dryver,,,,,
262,oliver,\N,Jackie,Oliver,British,Jackie Oliver,,,,,
263,kozarowitzky,\N,Mikko,Kozarowitzky,Finnish,Mikko Kozarowitzky,,,,,
264,sutcliffe,\N,Andy,Sutcliffe,British,Andy Sutcliffe,,,,,
265,edwards,\N,Guy,Edwards,British,Guy Edwards,,,,,
266,mcguire,\N,Brian,McGuire,Australian,Brian McGuire,,,,,
267,schuppan,\N,Vern,Schuppan,Australian,Vern Schuppan,,,,,
268,heyer,\N,Hans,Heyer,German,Hans Heyer,,,,,
269,pilette,\N,Teddy,Pilette,Belgian,Teddy Pilette,,,,,
270,ashley,\N,Ian,Ashley,British,Ian Ashley,,,,,
271,kessel,\N,Loris,Kessel,Swiss,Loris Kessel,,,,,
272,takahashi,\N,Kunimitsu,Takahashi,Japanese,Kunimitsu Takahashi,,,,,
273,hoshino,\N,Kazuyoshi,Hoshino,Japanese,Kazuyoshi Hoshino,,,,,
274,takahara,\N,Noritake,Takahara,Japanese,Noritake Takahara,,,,,
275,lombardi,\N,Lella,Lombardi,Italian,Lella Lombardi,,,,,
276,evans,\N,Bob,Evans,British,Bob Evans,,,,,
277,leclere,\N,Michel,Leclère,French,Michel Leclère,,,,,
278,amon,\N,Chris,Amon,New Zealander,Chris Amon,,,,,
279,zapico,\N,Emilio,Zapico,Spanish,Emilio Zapico,,,,,
280,pescarolo,\N,Henri,Pescarolo,French,Henri Pescarolo,,,,,
281,nelleman,\N,Jac,Nelleman,Danish,Jac Nelleman,,,,,
282,magee,\N,Damien,Magee,British,Damien Magee,,,,,
283,wilds,\N,Mike,Wilds,British,Mike Wilds,,,,,
284,pesenti_rossi,\N,Alessandro,Pesenti-Rossi,Italian,Alessandro Pesenti-Rossi,,,,,
285,stuppacher,\N,Otto,Stuppacher,Austrian,Otto Stuppacher,,,,,
286,brown,\N,Warwick,Brown,Australian,Warwick Brown,,,,,
287,hasemi,\N,Masahiro,Hasemi,Japanese,Masahiro Hasemi,,,,,
288,donohue,\N,Mark,Donohue,American,Mark Donohue,,,,,
289,hill,\N,Graham,Hill,British,Graham Hill,,,,,
290,wilson_fittipaldi,\N,Wilson,Fittipaldi,Brazilian,Wilson Fittipaldi,,,,,
291,tunmer,\N,Guy,Tunmer,South African,Guy Tunmer,,,,,
292,keizan,\N,Eddie,Keizan,South African,Eddie Keizan,,,,,
293,charlton,\N,Dave,Charlton,South African,Dave Charlton,,,,,
294,brise,\N,Tony,Brise,British,Tony Brise,,,,,
295,wunderink,\N,Roelof,Wunderink,Dutch,Roelof Wunderink,,,,,
296,migault,\N,François,Migault,French,François Migault,,,,,
297,palm,\N,Torsten,Palm,Swedish,Torsten Palm,,,,,
298,lennep,\N,Gijs,van Lennep,Dutch,Gijs van Lennep,,,,,
299,fushida,\N,Hiroshi,Fushida,Japanese,Hiroshi Fushida,,,,,
300,nicholson,\N,John,Nicholson,New Zealander,John Nicholson,,,,,
301,morgan,\N,Dave,Morgan,British,Dave Morgan,,,,,
302,crawford,\N,Jim,Crawford,British,Jim Crawford,,,,,
303,vonlanthen,\N,Jo,Vonlanthen,Swiss,Jo Vonlanthen,,,,,
304,hulme,\N,Denny,Hulme,New Zealander,Denny Hulme,,,,,
305,hailwood,\N,Mike,Hailwood,British,Mike Hailwood,,,,,
306,beltoise,\N,Jean-Pierre,Beltoise,French,Jean-Pierre Beltoise,,,,,
307,ganley,\N,Howden,Ganley,New Zealander,Howden Ganley,,,,,
308,robarts,\N,Richard,Robarts,British,Richard Robarts,,,,,
309,revson,\N,Peter,Revson,American,Peter Revson,,,,,
310,driver,\N,Paddy,Driver,South African,Paddy Driver,,,,,
311,belso,\N,Tom,Belsø,Danish,Tom Belsø,,,,,
312,redman,\N,Brian,Redman,British,Brian Redman,,,,,
313,opel,\N,Rikky,von Opel,Liechtensteiner,Rikky von Opel,,,,,
314,schenken,\N,Tim,Schenken,Australian,Tim Schenken,,,,,
315,larrousse,\N,Gérard,Larrousse,French,Gérard Larrousse,,,,,
316,kinnunen,\N,Leo,Kinnunen,Finnish,Leo Kinnunen,,,,,
317,wisell,\N,Reine,Wisell,Swedish,Reine Wisell,,,,,
318,roos,\N,Bertil,Roos,Swedish,Bertil Roos,,,,,
319,dolhem,\N,José,Dolhem,French,José Dolhem,,,,,
320,gethin,\N,Peter,Gethin,British,Peter Gethin,,,,,
321,bell,\N,Derek,Bell,British,Derek Bell,,,,,
322,hobbs,\N,David,Hobbs,British,David Hobbs,,,,,
323,quester,\N,Dieter,Quester,Austrian,Dieter Quester,,,,,
324,koinigg,\N,Helmuth,Koinigg,Austrian,Helmuth Koinigg,,,,,
325,facetti,\N,Carlo,Facetti,Italian,Carlo Facetti,,,,,
326,wietzes,\N,Eppie,Wietzes,Canadian,Eppie Wietzes,,,,,
327,cevert,\N,François,Cevert,French,François Cevert,,,,,
328,stewart,\N,Jackie,Stewart,British,Jackie Stewart,,,,,
329,beuttler,\N,Mike,Beuttler,British,Mike Beuttler,,,,,
330,galli,\N,Nanni,Galli,Italian,Nanni Galli,,,,,
331,bueno,\N,Luiz,Bueno,Brazilian,Luiz Bueno,,,,,
332,follmer,\N,George,Follmer,American,George Follmer,,,,,
333,adamich,\N,Andrea,de Adamich,Italian,Andrea de Adamich,,,,,
334,pretorius,\N,Jackie,Pretorius,South African,Jackie Pretorius,,,,,
335,williamson,\N,Roger,Williamson,British,Roger Williamson,,,,,
336,mcrae,\N,Graham,McRae,New Zealander,Graham McRae,,,,,
337,marko,\N,Helmut,Marko,Austrian,Helmut Marko,,,,,
338,walker,\N,David,Walker,Australian,David Walker,,,,,
339,roig,\N,Alex,Soler-Roig,Spanish,Alex Soler-Roig,,,,,
340,love,\N,John,Love,Rhodesian,John Love,,,,,
341,surtees,\N,John,Surtees,British,John Surtees,,,,,
342,barber,\N,Skip,Barber,American,Skip Barber,,,,,
343,brack,\N,Bill,Brack,Canadian,Bill Brack,,,,,
344,posey,\N,Sam,Posey,American,Sam Posey,,,,,
345,rodriguez,\N,Pedro,Rodríguez,Mexican,Pedro Rodríguez,,,,,
346,siffert,\N,Jo,Siffert,Swiss,Jo Siffert,,,,,
347,bonnier,\N,Jo,Bonnier,Swedish,Jo Bonnier,,,,,
348,mazet,\N,François,Mazet,French,François Mazet,,,,,
349,jean,\N,Max,Jean,French,Max Jean,,,,,
350,elford,\N,Vic,Elford,British,Vic Elford,,,,,
351,moser,\N,Silvio,Moser,Swiss,Silvio Moser,,,,,
352,eaton,\N,George,Eaton,Canadian,George Eaton,,,,,
353,lovely,\N,Pete,Lovely,American,Pete Lovely,,,,,
354,craft,\N,Chris,Craft,British,Chris Craft,,,,,
355,Cannoc,\N,John,Cannon,Canadian,John Cannon,,,,,
356,jack_brabham,\N,Jack,Brabham,Australian,Jack Brabham,,,,,
357,miles,\N,John,Miles,British,John Miles,,,,,
358,rindt,\N,Jochen,Rindt,Austrian,Jochen Rindt,,,,,
359,gavin,\N,Johnny,Servoz-Gavin,French,Johnny Servoz-Gavin,,,,,
360,mclaren,\N,Bruce,McLaren,New Zealander,Bruce McLaren,,,,,
361,courage,\N,Piers,Courage,British,Piers Courage,,,,,
362,klerk,\N,Peter,de Klerk,South African,Peter de Klerk,,,,,
363,giunti,\N,Ignazio,Giunti,Italian,Ignazio Giunti,,,,,
364,gurney,\N,Dan,Gurney,American,Dan Gurney,,,,,
365,hahne,\N,Hubert,Hahne,German,Hubert Hahne,,,,,
366,hutchison,\N,Gus,Hutchison,American,Gus Hutchison,,,,,
367,westbury,\N,Peter,Westbury,British,Peter Westbury,,,,,
368,tingle,\N,Sam,Tingle,Rhodesian,Sam Tingle,,,,,
369,rooyen,\N,Basil,van Rooyen,South African,Basil van Rooyen,,,,,
370,attwood,\N,Richard,Attwood,British,Richard Attwood,,,,,
371,pease,\N,Al,Pease,Canadian,Al Pease,,,,,
372,cordts,\N,John,Cordts,Canadian,John Cordts,,,,,
373,clark,\N,Jim,Clark,British,Jim Clark,,,,,
374,spence,\N,Mike,Spence,British,Mike Spence,,,,,
375,scarfiotti,\N,Ludovico,Scarfiotti,Italian,Ludovico Scarfiotti,,,,,
376,bianchi,BIA,Lucien,Bianchi,Belgian,Lucien Bianchi,,,,,
377,jo_schlesser,\N,Jo,Schlesser,French,Jo Schlesser,,,,,
378,widdows,\N,Robin,Widdows,British,Robin Widdows,,,,,
379,ahrens,\N,Kurt,Ahrens,German,Kurt Ahrens,,,,,
380,gardner,\N,Frank,Gardner,Australian,Frank Gardner,,,,,
381,unser,\N,Bobby,Unser,American,Bobby Unser,,,,,
382,solana,\N,Moisés,Solana,Mexican,Moisés Solana,,,,,
383,anderson,\N,Bob,Anderson,British,Bob Anderson,,,,,
384,botha,\N,Luki,Botha,South African,Luki Botha,,,,,
385,bandini,\N,Lorenzo,Bandini,Italian,Lorenzo Bandini,,,,,
386,ginther,\N,Richie,Ginther,American,Richie Ginther,,,,,
387,parkes,\N,Mike,Parkes,British,Mike Parkes,,,,,
388,irwin,\N,Chris,Irwin,British,Chris Irwin,,,,,
389,ligier,\N,Guy,Ligier,French,Guy Ligier,,,,,
390,rees,\N,Alan,Rees,British,Alan Rees,,,,,
391,hart,\N,Brian,Hart,British,Brian Hart,,,,,
392,fisher,\N,Mike,Fisher,American,Mike Fisher,,,,,
393,tom_jones,\N,Tom,Jones,American,Tom Jones,,,,,
394,baghetti,\N,Giancarlo,Baghetti,Italian,Giancarlo Baghetti,,,,,
395,williams,\N,Jonathan,Williams,British,Jonathan Williams,,,,,
396,bondurant,\N,Bob,Bondurant,American,Bob Bondurant,,,,,
397,arundell,\N,Peter,Arundell,British,Peter Arundell,,,,,
398,vic_wilson,\N,Vic,Wilson,British,Vic Wilson,,,,,
399,taylor,\N,John,Taylor,British,John Taylor,,,,,
400,lawrence,\N,Chris,Lawrence,British,Chris Lawrence,,,,,
401,trevor_taylor,\N,Trevor,Taylor,British,Trevor Taylor,,,,,
402,geki,\N,Giacomo,Russo,Italian,Giacomo Russo,,,,,
403,phil_hill,\N,Phil,Hill,American,Phil Hill,,,,,
404,ireland,\N,Innes,Ireland,British,Innes Ireland,,,,,
405,bucknum,\N,Ronnie,Bucknum,American,Ronnie Bucknum,,,,,
406,hawkins,\N,Paul,Hawkins,Australian,Paul Hawkins,,,,,
407,prophet,\N,David,Prophet,British,David Prophet,,,,,
408,maggs,\N,Tony,Maggs,South African,Tony Maggs,,,,,
409,blokdyk,\N,Trevor,Blokdyk,South African,Trevor Blokdyk,,,,,
410,lederle,\N,Neville,Lederle,South African,Neville Lederle,,,,,
411,serrurier,\N,Doug,Serrurier,South African,Doug Serrurier,,,,,
412,niemann,\N,Brausch,Niemann,South African,Brausch Niemann,,,,,
413,pieterse,\N,Ernie,Pieterse,South African,Ernie Pieterse,,,,,
414,puzey,\N,Clive,Puzey,Rhodesian,Clive Puzey,,,,,
415,reed,\N,Ray,Reed,South African,Ray Reed,,,,,
416,clapham,\N,David,Clapham,South African,David Clapham,,,,,
417,blignaut,\N,Alex,Blignaut,South African,Alex Blignaut,,,,,
418,gregory,\N,Masten,Gregory,American,Masten Gregory,,,,,
419,rhodes,\N,John,Rhodes,British,John Rhodes,,,,,
420,raby,\N,Ian,Raby,British,Ian Raby,,,,,
421,rollinson,\N,Alan,Rollinson,British,Alan Rollinson,,,,,
422,gubby,\N,Brian,Gubby,British,Brian Gubby,,,,,
423,mitter,\N,Gerhard,Mitter,German,Gerhard Mitter,,,,,
424,bussinello,\N,Roberto,Bussinello,Italian,Roberto Bussinello,,,,,
425,vaccarella,\N,Nino,Vaccarella,Italian,Nino Vaccarella,,,,,
426,bassi,\N,Giorgio,Bassi,Italian,Giorgio Bassi,,,,,
427,trintignant,\N,Maurice,Trintignant,French,Maurice Trintignant,,,,,
428,collomb,\N,Bernard,Collomb,French,Bernard Collomb,,,,,
429,andre_pilette,\N,André,Pilette,Belgian,André Pilette,,,,,
430,beaufort,\N,Carel Godin,de Beaufort,Dutch,Carel Godin de Beaufort,,,,,
431,barth,\N,Edgar,Barth,German,Edgar Barth,,,,,
432,cabral,\N,Mário de Araújo,Cabral,Portuguese,Mário de Araújo Cabral,,,,,
433,hansgen,\N,Walt,Hansgen,American,Walt Hansgen,,,,,
434,sharp,\N,Hap,Sharp,American,Hap Sharp,,,,,
435,mairesse,\N,Willy,Mairesse,Belgian,Willy Mairesse,,,,,
436,campbell-jones,\N,John,Campbell-Jones,British,John Campbell-Jones,,,,,
437,burgess,\N,Ian,Burgess,British,Ian Burgess,,,,,
438,settember,\N,Tony,Settember,American,Tony Settember,,,,,
439,estefano,\N,Nasif,Estéfano,Argentine,Nasif Estéfano,,,,,
440,hall,\N,Jim,Hall,American,Jim Hall,,,,,
441,parnell,\N,Tim,Parnell,British,Tim Parnell,,,,,
442,kuhnke,\N,Kurt,Kuhnke,German,Kurt Kuhnke,,,,,
443,ernesto_brambilla,\N,Ernesto,Brambilla,Italian,Ernesto Brambilla,,,,,
444,lippi,\N,Roberto,Lippi,Italian,Roberto Lippi,,,,,
445,seiffert,\N,Günther,Seiffert,German,Günther Seiffert,,,,,
446,abate,\N,Carlo,Abate,Italian,Carlo Abate,,,,,
447,starrabba,\N,Gaetano,Starrabba,Italian,Gaetano Starrabba,,,,,
448,broeker,\N,Peter,Broeker,Canadian,Peter Broeker,,,,,
449,ward,\N,Rodger,Ward,American,Rodger Ward,,,,,
450,vos,\N,Ernie,de Vos,Dutch,Ernie de Vos,,,,,
451,dochnal,\N,Frank,Dochnal,American,Frank Dochnal,,,,,
452,monarch,\N,Thomas,Monarch,American,Thomas Monarch,,,,,
842,gasly,GAS,Pierre,Gasly,French,Pierre Gasly,5.0,Toro Rosso,10.07258064516129,124.0,3.161290322580645
842,gasly,GAS,Pierre,Gasly,French,Pierre Gasly,9.0,Red Bull,10.07258064516129,124.0,3.161290322580645
842,gasly,GAS,Pierre,Gasly,French,Pierre Gasly,213.0,AlphaTauri,10.07258064516129,124.0,3.161290322580645
842,gasly,GAS,Pierre,Gasly,French,Pierre Gasly,214.0,Alpine F1 Team,10.07258064516129,124.0,3.161290322580645
453,lewis,\N,Jackie,Lewis,British,Jackie Lewis,,,,,
454,ricardo_rodriguez,\N,Ricardo,Rodríguez,Mexican,Ricardo Rodríguez,,,,,
455,seidel,\N,Wolfgang,Seidel,German,Wolfgang Seidel,,,,,
456,salvadori,\N,Roy,Salvadori,British,Roy Salvadori,,,,,
457,pon,\N,Ben,Pon,Dutch,Ben Pon,,,,,
458,slotemaker,\N,Rob,Slotemaker,Dutch,Rob Slotemaker,,,,,
459,marsh,\N,Tony,Marsh,British,Tony Marsh,,,,,
460,ashmore,\N,Gerry,Ashmore,British,Gerry Ashmore,,,,,
461,schiller,\N,Heinz,Schiller,Swiss,Heinz Schiller,,,,,
462,davis,\N,Colin,Davis,British,Colin Davis,,,,,
463,chamberlain,\N,Jay,Chamberlain,American,Jay Chamberlain,,,,,
464,shelly,\N,Tony,Shelly,New Zealander,Tony Shelly,,,,,
465,greene,\N,Keith,Greene,British,Keith Greene,,,,,
466,walter,\N,Heini,Walter,Swiss,Heini Walter,,,,,
467,prinoth,\N,Ernesto,Prinoth,Italian,Ernesto Prinoth,,,,,
468,penske,\N,Roger,Penske,American,Roger Penske,,,,,
469,schroeder,\N,Rob,Schroeder,British,Rob Schroeder,,,,,
470,mayer,\N,Timmy,Mayer,American,Timmy Mayer,,,,,
471,johnstone,\N,Bruce,Johnstone,South African,Bruce Johnstone,,,,,
472,harris,\N,Mike,Harris,South African,Mike Harris,,,,,
473,hocking,\N,Gary,Hocking,Rhodesian,Gary Hocking,,,,,
474,vyver,\N,Syd,van der Vyver,South African,Syd van der Vyver,,,,,
475,moss,\N,Stirling,Moss,British,Stirling Moss,,,,,
476,trips,\N,Wolfgang,von Trips,German,Wolfgang von Trips,,,,,
477,allison,\N,Cliff,Allison,British,Cliff Allison,,,,,
478,herrmann,\N,Hans,Herrmann,German,Hans Herrmann,,,,,
479,brooks,\N,Tony,Brooks,British,Tony Brooks,,,,,
480,may,\N,Michael,May,Swiss,Michael May,,,,,
481,henry_taylor,\N,Henry,Taylor,British,Henry Taylor,,,,,
482,gendebien,\N,Olivier,Gendebien,Belgian,Olivier Gendebien,,,,,
483,scarlatti,\N,Giorgio,Scarlatti,Italian,Giorgio Scarlatti,,,,,
484,naylor,\N,Brian,Naylor,British,Brian Naylor,,,,,
485,bordeu,\N,Juan Manuel,Bordeu,Argentine,Juan Manuel Bordeu,,,,,
486,fairman,\N,Jack,Fairman,British,Jack Fairman,,,,,
487,natili,\N,Massimo,Natili,Italian,Massimo Natili,,,,,
488,monteverdi,\N,Peter,Monteverdi,Swiss,Peter Monteverdi,,,,,
489,pirocchi,\N,Renato,Pirocchi,Italian,Renato Pirocchi,,,,,
490,duke,\N,Geoff,Duke,British,Geoff Duke,,,,,
491,thiele,\N,Alfonso,Thiele,American-Italian,Alfonso Thiele,,,,,
492,boffa,\N,Menato,Boffa,Italian,Menato Boffa,,,,,
493,ryan,\N,Peter,Ryan,Canadian,Peter Ryan,,,,,
494,ruby,\N,Lloyd,Ruby,American,Lloyd Ruby,,,,,
495,ken_miles,\N,Ken,Miles,British,Ken Miles,,,,,
496,menditeguy,\N,Carlos,Menditeguy,Argentine,Carlos Menditeguy,,,,,
497,larreta,\N,Alberto Rodriguez,Larreta,Argentine,Alberto Rodriguez Larreta,,,,,
498,gonzalez,\N,José Froilán,González,Argentine,José Froilán González,,,,,
499,bonomi,\N,Roberto,Bonomi,Argentine,Roberto Bonomi,,,,,
500,munaron,\N,Gino,Munaron,Italian,Gino Munaron,,,,,
501,schell,\N,Harry,Schell,American,Harry Schell,,,,,
502,stacey,\N,Alan,Stacey,British,Alan Stacey,,,,,
503,chimeri,\N,Ettore,Chimeri,Venezuelan,Ettore Chimeri,,,,,
504,creus,\N,Antonio,Creus,Spanish,Antonio Creus,,,,,
505,bristow,\N,Chris,Bristow,British,Chris Bristow,,,,,
506,halford,\N,Bruce,Halford,British,Bruce Halford,,,,,
507,daigh,\N,Chuck,Daigh,American,Chuck Daigh,,,,,
508,reventlow,\N,Lance,Reventlow,American,Lance Reventlow,,,,,
509,rathmann,\N,Jim,Rathmann,American,Jim Rathmann,,,,,
510,goldsmith,\N,Paul,Goldsmith,American,Paul Goldsmith,,,,,
511,branson,\N,Don,Branson,American,Don Branson,,,,,
512,thomson,\N,Johnny,Thomson,American,Johnny Thomson,,,,,
513,johnson,\N,Eddie,Johnson,American,Eddie Johnson,,,,,
514,veith,\N,Bob,Veith,American,Bob Veith,,,,,
515,tingelstad,\N,Bud,Tingelstad,American,Bud Tingelstad,,,,,
516,christie,\N,Bob,Christie,American,Bob Christie,,,,,
517,amick,\N,Red,Amick,American,Red Amick,,,,,
518,darter,\N,Duane,Carter,American,Duane Carter,,,,,
519,homeier,\N,Bill,Homeier,American,Bill Homeier,,,,,
520,hartley,\N,Gene,Hartley,American,Gene Hartley,,,,,
521,stevenson,\N,Chuck,Stevenson,American,Chuck Stevenson,,,,,
522,grim,\N,Bobby,Grim,American,Bobby Grim,,,,,
523,templeman,\N,Shorty,Templeman,American,Shorty Templeman,,,,,
524,hurtubise,\N,Jim,Hurtubise,American,Jim Hurtubise,,,,,
525,bryan,\N,Jimmy,Bryan,American,Jimmy Bryan,,,,,
526,ruttman,\N,Troy,Ruttman,American,Troy Ruttman,,,,,
527,sachs,\N,Eddie,Sachs,American,Eddie Sachs,,,,,
528,freeland,\N,Don,Freeland,American,Don Freeland,,,,,
529,bettenhausen,\N,Tony,Bettenhausen,American,Tony Bettenhausen,,,,,
530,weiler,\N,Wayne,Weiler,American,Wayne Weiler,,,,,
531,foyt,\N,Anthony,Foyt,American,Anthony Foyt,,,,,
532,russo,\N,Eddie,Russo,American,Eddie Russo,,,,,
533,boyd,\N,Johnny,Boyd,American,Johnny Boyd,,,,,
534,force,\N,Gene,Force,American,Gene Force,,,,,
535,mcwithey,\N,Jim,McWithey,American,Jim McWithey,,,,,
536,sutton,\N,Len,Sutton,American,Len Sutton,,,,,
537,dick_rathmann,\N,Dick,Rathmann,American,Dick Rathmann,,,,,
538,herman,\N,Al,Herman,American,Al Herman,,,,,
539,dempsey_wilson,\N,Dempsey,Wilson,American,Dempsey Wilson,,,,,
540,mike_taylor,\N,Mike,Taylor,British,Mike Taylor,,,,,
541,flockhart,\N,Ron,Flockhart,British,Ron Flockhart,,,,,
542,piper,\N,David,Piper,British,David Piper,,,,,
543,cabianca,\N,Giulio,Cabianca,Italian,Giulio Cabianca,,,,,
544,drogo,\N,Piero,Drogo,Italian,Piero Drogo,,,,,
545,gamble,\N,Fred,Gamble,American,Fred Gamble,,,,,
546,owen,\N,Arthur,Owen,British,Arthur Owen,,,,,
547,gould,\N,Horace,Gould,British,Horace Gould,,,,,
548,drake,\N,Bob,Drake,American,Bob Drake,,,,,
549,bueb,\N,Ivor,Bueb,British,Ivor Bueb,,,,,
550,Changy,\N,Alain,de Changy,Belgian,Alain de Changy,,,,,
551,filippis,\N,Maria,de Filippis,Italian,Maria de Filippis,,,,,
552,lucienbonnet,\N,Jean,Lucienbonnet,French,Jean Lucienbonnet,,,,,
553,testut,\N,André,Testut,Monegasque,André Testut,,,,,
554,behra,\N,Jean,Behra,French,Jean Behra,,,,,
555,paul_russo,\N,Paul,Russo,American,Paul Russo,,,,,
556,daywalt,\N,Jimmy,Daywalt,American,Jimmy Daywalt,,,,,
557,arnold,\N,Chuck,Arnold,American,Chuck Arnold,,,,,
558,keller,\N,Al,Keller,American,Al Keller,,,,,
559,flaherty,\N,Pat,Flaherty,American,Pat Flaherty,,,,,
560,cheesbourg,\N,Bill,Cheesbourg,American,Bill Cheesbourg,,,,,
561,ray_crawford,\N,Ray,Crawford,American,Ray Crawford,,,,,
562,turner,\N,Jack,Turner,American,Jack Turner,,,,,
563,weyant,\N,Chuck,Weyant,American,Chuck Weyant,,,,,
564,larson,\N,Jud,Larson,American,Jud Larson,,,,,
565,magill,\N,Mike,Magill,American,Mike Magill,,,,,
566,shelby,\N,Carroll,Shelby,American,Carroll Shelby,,,,,
567,orey,\N,Fritz,d'Orey,Brazilian,Fritz d'Orey,,,,,
568,fontes,\N,Azdrubal,Fontes,Uruguayan,Azdrubal Fontes,,,,,
569,ashdown,\N,Peter,Ashdown,British,Peter Ashdown,,,,,
570,bill_moss,\N,Bill,Moss,British,Bill Moss,,,,,
571,dennis_taylor,\N,Dennis,Taylor,British,Dennis Taylor,,,,,
572,blanchard,\N,Harry,Blanchard,American,Harry Blanchard,,,,,
573,tomaso,\N,Alessandro,de Tomaso,Argentine-Italian,Alessandro de Tomaso,,,,,
574,constantine,\N,George,Constantine,American,George Constantine,,,,,
575,said,\N,Bob,Said,American,Bob Said,,,,,
576,cade,\N,Phil,Cade,American,Phil Cade,,,,,
577,musso,\N,Luigi,Musso,Italian,Luigi Musso,,,,,
578,hawthorn,\N,Mike,Hawthorn,British,Mike Hawthorn,,,,,
579,fangio,\N,Juan,Fangio,Argentine,Juan Fangio,,,,,
580,godia,\N,Paco,Godia,Spanish,Paco Godia,,,,,
581,collins,\N,Peter,Collins,British,Peter Collins,,,,,
582,kavanagh,\N,Ken,Kavanagh,Australian,Ken Kavanagh,,,,,
583,gerini,\N,Gerino,Gerini,Italian,Gerino Gerini,,,,,
584,kessler,\N,Bruce,Kessler,American,Bruce Kessler,,,,,
585,emery,\N,Paul,Emery,British,Paul Emery,,,,,
586,piotti,\N,Luigi,Piotti,Italian,Luigi Piotti,,,,,
587,ecclestone,\N,Bernie,Ecclestone,British,Bernie Ecclestone,,,,,
588,taramazzo,\N,Luigi,Taramazzo,Italian,Luigi Taramazzo,,,,,
589,chiron,\N,Louis,Chiron,Monegasque,Louis Chiron,,,,,
590,lewis-evans,\N,Stuart,Lewis-Evans,British,Stuart Lewis-Evans,,,,,
591,george_amick,\N,George,Amick,American,George Amick,,,,,
592,reece,\N,Jimmy,Reece,American,Jimmy Reece,,,,,
593,parsons,\N,Johnnie,Parsons,American,Johnnie Parsons,,,,,
594,tolan,\N,Johnnie,Tolan,American,Johnnie Tolan,,,,,
595,garrett,\N,Billy,Garrett,American,Billy Garrett,,,,,
596,elisian,\N,Ed,Elisian,American,Ed Elisian,,,,,
597,connor,\N,Pat,O'Connor,American,Pat O'Connor,,,,,
598,jerry_unser,\N,Jerry,Unser,American,Jerry Unser,,,,,
599,bisch,\N,Art,Bisch,American,Art Bisch,,,,,
600,goethals,\N,Christian,Goethals,Belgian,Christian Goethals,,,,,
601,gibson,\N,Dick,Gibson,British,Dick Gibson,,,,,
602,la_caze,\N,Robert,La Caze,French,Robert La Caze,,,,,
603,guelfi,\N,André,Guelfi,French,André Guelfi,,,,,
604,picard,\N,François,Picard,French,François Picard,,,,,
605,bridger,\N,Tom,Bridger,British,Tom Bridger,,,,,
606,portago,\N,Alfonso,de Portago,Spanish,Alfonso de Portago,,,,,
607,perdisa,\N,Cesare,Perdisa,Italian,Cesare Perdisa,,,,,
608,castellotti,\N,Eugenio,Castellotti,Italian,Eugenio Castellotti,,,,,
609,simon,\N,André,Simon,French,André Simon,,,,,
610,leston,\N,Les,Leston,British,Les Leston,,,,,
611,hanks,\N,Sam,Hanks,American,Sam Hanks,,,,,
612,linden,\N,Andy,Linden,American,Andy Linden,,,,,
613,teague,\N,Marshall,Teague,American,Marshall Teague,,,,,
614,edmunds,\N,Don,Edmunds,American,Don Edmunds,,,,,
615,agabashian,\N,Fred,Agabashian,American,Fred Agabashian,,,,,
616,george,\N,Elmer,George,American,Elmer George,,,,,
617,macdowel,\N,Mike,MacDowel,British,Mike MacDowel,,,,,
618,mackay-fraser,\N,Herbert,MacKay-Fraser,American,Herbert MacKay-Fraser,,,,,
619,gerard,\N,Bob,Gerard,British,Bob Gerard,,,,,
620,maglioli,\N,Umberto,Maglioli,Italian,Umberto Maglioli,,,,,
621,england,\N,Paul,England,Australian,Paul England,,,,,
622,landi,\N,Chico,Landi,Brazilian,Chico Landi,,,,,
623,uria,\N,Alberto,Uria,Uruguayan,Alberto Uria,,,,,
624,ramos,\N,Hernando,da Silva Ramos,Brazilian,Hernando da Silva Ramos,,,,,
625,bayol,\N,Élie,Bayol,French,Élie Bayol,,,,,
626,manzon,\N,Robert,Manzon,French,Robert Manzon,,,,,
627,rosier,\N,Louis,Rosier,French,Louis Rosier,,,,,
628,sweikert,\N,Bob,Sweikert,American,Bob Sweikert,,,,,
629,griffith,\N,Cliff,Griffith,American,Cliff Griffith,,,,,
630,dinsmore,\N,Duke,Dinsmore,American,Duke Dinsmore,,,,,
631,andrews,\N,Keith,Andrews,American,Keith Andrews,,,,,
632,frere,\N,Paul,Frère,Belgian,Paul Frère,,,,,
633,villoresi,\N,Luigi,Villoresi,Italian,Luigi Villoresi,,,,,
634,scotti,\N,Piero,Scotti,Italian,Piero Scotti,,,,,
635,chapman,\N,Colin,Chapman,British,Colin Chapman,,,,,
636,titterington,\N,Desmond,Titterington,British,Desmond Titterington,,,,,
637,scott_Brown,\N,Archie,Scott Brown,British,Archie Scott Brown,,,,,
638,volonterio,\N,Ottorino,Volonterio,Swiss,Ottorino Volonterio,,,,,
639,milhoux,\N,André,Milhoux,Belgian,André Milhoux,,,,,
640,graffenried,\N,Toulo,de Graffenried,Swiss,Toulo de Graffenried,,,,,
641,taruffi,\N,Piero,Taruffi,Italian,Piero Taruffi,,,,,
642,farina,\N,Nino,Farina,Italian,Nino Farina,,,,,
643,mieres,\N,Roberto,Mieres,Argentine,Roberto Mieres,,,,,
644,mantovani,\N,Sergio,Mantovani,Italian,Sergio Mantovani,,,,,
645,bucci,\N,Clemar,Bucci,Argentine,Clemar Bucci,,,,,
646,iglesias,\N,Jesús,Iglesias,Argentine,Jesús Iglesias,,,,,
647,ascari,\N,Alberto,Ascari,Italian,Alberto Ascari,,,,,
648,kling,\N,Karl,Kling,German,Karl Kling,,,,,
649,birger,\N,Pablo,Birger,Argentine,Pablo Birger,,,,,
650,pollet,\N,Jacques,Pollet,French,Jacques Pollet,,,,,
651,macklin,\N,Lance,Macklin,British,Lance Macklin,,,,,
652,whiteaway,\N,Ted,Whiteaway,British,Ted Whiteaway,,,,,
653,davies,\N,Jimmy,Davies,American,Jimmy Davies,,,,,
654,faulkner,\N,Walt,Faulkner,American,Walt Faulkner,,,,,
655,niday,\N,Cal,Niday,American,Cal Niday,,,,,
656,cross,\N,Art,Cross,American,Art Cross,,,,,
657,vukovich,\N,Bill,Vukovich,American,Bill Vukovich,,,,,
658,mcgrath,\N,Jack,McGrath,American,Jack McGrath,,,,,
659,hoyt,\N,Jerry,Hoyt,American,Jerry Hoyt,,,,,
660,claes,\N,Johnny,Claes,Belgian,Johnny Claes,,,,,
661,peter_walker,\N,Peter,Walker,British,Peter Walker,,,,,
662,sparken,\N,Mike,Sparken,French,Mike Sparken,,,,,
663,wharton,\N,Ken,Wharton,British,Ken Wharton,,,,,
664,mcalpine,\N,Kenneth,McAlpine,British,Kenneth McAlpine,,,,,
665,marr,\N,Leslie,Marr,British,Leslie Marr,,,,,
666,rolt,\N,Tony,Rolt,British,Tony Rolt,,,,,
667,fitch,\N,John,Fitch,American,John Fitch,,,,,
668,lucas,\N,Jean,Lucas,French,Jean Lucas,,,,,
669,bira,\N,Prince,Bira,Thai,Prince Bira,,,,,
670,marimon,\N,Onofre,Marimón,Argentine,Onofre Marimón,,,,,
671,loyer,\N,Roger,Loyer,French,Roger Loyer,,,,,
672,daponte,\N,Jorge,Daponte,Argentine,Jorge Daponte,,,,,
673,nazaruk,\N,Mike,Nazaruk,American,Mike Nazaruk,,,,,
674,crockett,\N,Larry,Crockett,American,Larry Crockett,,,,,
675,ayulo,\N,Manny,Ayulo,American,Manny Ayulo,,,,,
676,armi,\N,Frank,Armi,American,Frank Armi,,,,,
677,webb,\N,Travis,Webb,American,Travis Webb,,,,,
678,duncan,\N,Len,Duncan,American,Len Duncan,,,,,
679,mccoy,\N,Ernie,McCoy,American,Ernie McCoy,,,,,
680,swaters,\N,Jacques,Swaters,American,Jacques Swaters,,,,,
681,georges_berger,\N,Georges,Berger,Belgian,Georges Berger,,,,,
682,beauman,\N,Don,Beauman,British,Don Beauman,,,,,
683,thorne,\N,Leslie,Thorne,British,Leslie Thorne,,,,,
684,whitehouse,\N,Bill,Whitehouse,British,Bill Whitehouse,,,,,
685,riseley_prichard,\N,John,Riseley-Prichard,British,John Riseley-Prichard,,,,,
686,reg_parnell,\N,Reg,Parnell,British,Reg Parnell,,,,,
687,whitehead,\N,Peter,Whitehead,British,Peter Whitehead,,,,,
688,brandon,\N,Eric,Brandon,British,Eric Brandon,,,,,
689,alan_brown,\N,Alan,Brown,British,Alan Brown,,,,,
690,nuckey,\N,Rodney,Nuckey,British,Rodney Nuckey,,,,,
691,lang,\N,Hermann,Lang,German,Hermann Lang,,,,,
692,helfrich,\N,Theo,Helfrich,German,Theo Helfrich,,,,,
693,wacker,\N,Fred,Wacker,American,Fred Wacker,,,,,
694,riu,\N,Giovanni,de Riu,Italian,Giovanni de Riu,,,,,
695,galvez,\N,Oscar,Gálvez,Argentine,Oscar Gálvez,,,,,
696,john_barber,\N,John,Barber,British,John Barber,,,,,
697,bonetto,\N,Felice,Bonetto,Italian,Felice Bonetto,,,,,
698,cruz,\N,Adolfo,Cruz,Argentine,Adolfo Cruz,,,,,
699,nalon,\N,Duke,Nalon,American,Duke Nalon,,,,,
700,scarborough,\N,Carl,Scarborough,American,Carl Scarborough,,,,,
701,holland,\N,Bill,Holland,American,Bill Holland,,,,,
702,bob_scott,\N,Bob,Scott,American,Bob Scott,,,,,
703,legat,\N,Arthur,Legat,Belgian,Arthur Legat,,,,,
704,cabantous,\N,Yves,Cabantous,French,Yves Cabantous,,,,,
705,crook,\N,Tony,Crook,British,Tony Crook,,,,,
706,jimmy_stewart,\N,Jimmy,Stewart,British,Jimmy Stewart,,,,,
707,ian_stewart,\N,Ian,Stewart,British,Ian Stewart,,,,,
708,duncan_hamilton,\N,Duncan,Hamilton,British,Duncan Hamilton,,,,,
709,klodwig,\N,Ernst,Klodwig,East German,Ernst Klodwig,,,,,
710,krause,\N,Rudolf,Krause,East German,Rudolf Krause,,,,,
711,karch,\N,Oswald,Karch,German,Oswald Karch,,,,,
712,heeks,\N,Willi,Heeks,German,Willi Heeks,,,,,
713,fitzau,\N,Theo,Fitzau,East German,Theo Fitzau,,,,,
714,adolff,\N,Kurt,Adolff,German,Kurt Adolff,,,,,
715,bechem,\N,Günther,Bechem,German,Günther Bechem,,,,,
716,bauer,\N,Erwin,Bauer,German,Erwin Bauer,,,,,
717,hans_stuck,\N,Hans,von Stuck,German,Hans von Stuck,,,,,
718,loof,\N,Ernst,Loof,German,Ernst Loof,,,,,
719,scherrer,\N,Albert,Scherrer,Swiss,Albert Scherrer,,,,,
720,terra,\N,Max,de Terra,Swiss,Max de Terra,,,,,
721,hirt,\N,Peter,Hirt,Swiss,Peter Hirt,,,,,
722,carini,\N,Piero,Carini,Italian,Piero Carini,,,,,
723,fischer,\N,Rudi,Fischer,Swiss,Rudi Fischer,,,,,
724,ulmen,\N,Toni,Ulmen,German,Toni Ulmen,,,,,
725,abecassis,\N,George,Abecassis,British,George Abecassis,,,,,
726,george_connor,\N,George,Connor,American,George Connor,,,,,
727,rigsby,\N,Jim,Rigsby,American,Jim Rigsby,,,,,
728,james,\N,Joe,James,American,Joe James,,,,,
729,schindler,\N,Bill,Schindler,American,Bill Schindler,,,,,
730,fonder,\N,George,Fonder,American,George Fonder,,,,,
731,banks,\N,Henry,Banks,American,Henry Banks,,,,,
732,mcdowell,\N,Johnny,McDowell,American,Johnny McDowell,,,,,
733,miller,\N,Chet,Miller,American,Chet Miller,,,,,
734,ball,\N,Bobby,Ball,American,Bobby Ball,,,,,
735,tornaco,\N,Charles,de Tornaco,Belgian,Charles de Tornaco,,,,,
736,laurent,\N,Roger,Laurent,Belgian,Roger Laurent,,,,,
737,obrien,\N,Robert,O'Brien,American,Robert O'Brien,,,,,
738,gaze,\N,Tony,Gaze,Australian,Tony Gaze,,,,,
739,charrington,\N,Robin,Montgomerie-Charrington,British,Robin Montgomerie-Charrington,,,,,
740,comotti,\N,Franco,Comotti,Italian,Franco Comotti,,,,,
741,etancelin,\N,Philippe,Étancelin,French,Philippe Étancelin,,,,,
742,poore,\N,Dennis,Poore,British,Dennis Poore,,,,,
743,thompson,\N,Eric,Thompson,British,Eric Thompson,,,,,
744,downing,\N,Ken,Downing,British,Ken Downing,,,,,
745,graham_whitehead,\N,Graham,Whitehead,British,Graham Whitehead,,,,,
746,bianco,\N,Gino,Bianco,Brazilian,Gino Bianco,,,,,
747,murray,\N,David,Murray,British,David Murray,,,,,
748,cantoni,\N,Eitel,Cantoni,Uruguayan,Eitel Cantoni,,,,,
749,aston,\N,Bill,Aston,British,Bill Aston,,,,,
750,brudes,\N,Adolf,Brudes,German,Adolf Brudes,,,,,
751,riess,\N,Fritz,Riess,German,Fritz Riess,,,,,
752,niedermayr,\N,Helmut,Niedermayr,German,Helmut Niedermayr,,,,,
753,klenk,\N,Hans,Klenk,German,Hans Klenk,,,,,
754,balsa,\N,Marcel,Balsa,French,Marcel Balsa,,,,,
755,schoeller,\N,Rudolf,Schoeller,Swiss,Rudolf Schoeller,,,,,
756,pietsch,\N,Paul,Pietsch,German,Paul Pietsch,,,,,
757,peters,\N,Josef,Peters,German,Josef Peters,,,,,
758,lof,\N,Dries,van der Lof,Dutch,Dries van der Lof,,,,,
759,flinterman,\N,Jan,Flinterman,Dutch,Jan Flinterman,,,,,
760,dusio,\N,Piero,Dusio,Italian,Piero Dusio,,,,,
761,crespo,\N,Alberto,Crespo,Argentine,Alberto Crespo,,,,,
762,rol,\N,Franco,Rol,Italian,Franco Rol,,,,,
763,sanesi,\N,Consalvo,Sanesi,Italian,Consalvo Sanesi,,,,,
764,guy_mairesse,\N,Guy,Mairesse,French,Guy Mairesse,,,,,
765,louveau,\N,Henri,Louveau,French,Henri Louveau,,,,,
766,wallard,\N,Lee,Wallard,American,Lee Wallard,,,,,
767,forberg,\N,Carl,Forberg,American,Carl Forberg,,,,,
768,rose,\N,Mauri,Rose,American,Mauri Rose,,,,,
769,mackey,\N,Bill,Mackey,American,Bill Mackey,,,,,
770,green,\N,Cecil,Green,American,Cecil Green,,,,,
771,walt_brown,\N,Walt,Brown,American,Walt Brown,,,,,
772,hellings,\N,Mack,Hellings,American,Mack Hellings,,,,,
773,levegh,\N,Pierre,Levegh,French,Pierre Levegh,,,,,
774,chaboud,\N,Eugène,Chaboud,French,Eugène Chaboud,,,,,
775,gordini,\N,Aldo,Gordini,French,Aldo Gordini,,,,,
776,kelly,\N,Joe,Kelly,Irish,Joe Kelly,,,,,
777,parker,\N,Philip,Fotheringham-Parker,British,Philip Fotheringham-Parker,,,,,
778,shawe_taylor,\N,Brian,Shawe Taylor,British,Brian Shawe Taylor,,,,,
779,john_james,\N,John,James,British,John James,,,,,
780,branca,\N,Toni,Branca,Swiss,Toni Branca,,,,,
781,richardson,\N,Ken,Richardson,British,Ken Richardson,,,,,
782,jover,\N,Juan,Jover,Spanish,Juan Jover,,,,,
783,grignard,\N,Georges,Grignard,French,Georges Grignard,,,,,
784,hampshire,\N,David,Hampshire,British,David Hampshire,,,,,
785,crossley,\N,Geoff,Crossley,British,Geoff Crossley,,,,,
786,fagioli,\N,Luigi,Fagioli,Italian,Luigi Fagioli,,,,,
787,harrison,\N,Cuth,Harrison,British,Cuth Harrison,,,,,
788,fry,\N,Joe,Fry,British,Joe Fry,,,,,
789,martin,\N,Eugène,Martin,French,Eugène Martin,,,,,
790,leslie_johnson,\N,Leslie,Johnson,British,Leslie Johnson,,,,,
791,biondetti,\N,Clemente,Biondetti,Italian,Clemente Biondetti,,,,,
792,pian,\N,Alfredo,Pián,Argentine,Alfredo Pián,,,,,
793,sommer,\N,Raymond,Sommer,French,Raymond Sommer,,,,,
794,chitwood,\N,Joie,Chitwood,American,Joie Chitwood,,,,,
795,fohr,\N,Myron,Fohr,American,Myron Fohr,,,,,
796,ader,\N,Walt,Ader,American,Walt Ader,,,,,
797,holmes,\N,Jackie,Holmes,American,Jackie Holmes,,,,,
798,levrett,\N,Bayliss,Levrett,American,Bayliss Levrett,,,,,
799,jackson,\N,Jimmy,Jackson,American,Jimmy Jackson,,,,,
800,pagani,\N,Nello,Pagani,Italian,Nello Pagani,,,,,
801,pozzi,\N,Charles,Pozzi,French,Charles Pozzi,,,,,
802,serafini,\N,Dorino,Serafini,Italian,Dorino Serafini,,,,,
803,cantrell,\N,Bill,Cantrell,American,Bill Cantrell,,,,,
804,mantz,\N,Johnny,Mantz,American,Johnny Mantz,,,,,
805,kladis,\N,Danny,Kladis,American,Danny Kladis,,,,,
806,oscar_gonzalez,\N,Óscar,González,Uruguayan,Óscar González,,,,,
807,hulkenberg,HUL,Nico,Hülkenberg,German,Nico Hülkenberg,10.0,Force India,10.427272727272728,110.0,2.790909090909091
807,hulkenberg,HUL,Nico,Hülkenberg,German,Nico Hülkenberg,4.0,Renault,10.427272727272728,110.0,2.790909090909091
807,hulkenberg,HUL,Nico,Hülkenberg,German,Nico Hülkenberg,211.0,Racing Point,10.427272727272728,110.0,2.790909090909091
807,hulkenberg,HUL,Nico,Hülkenberg,German,Nico Hülkenberg,117.0,Aston Martin,10.427272727272728,110.0,2.790909090909091
807,hulkenberg,HUL,Nico,Hülkenberg,German,Nico Hülkenberg,210.0,Haas F1 Team,10.427272727272728,110.0,2.790909090909091
808,petrov,PET,Vitaly,Petrov,Russian,Vitaly Petrov,,,,,
810,grassi,DIG,Lucas,di Grassi,Brazilian,Lucas di Grassi,,,,,
811,bruno_senna,SEN,Bruno,Senna,Brazilian,Bruno Senna,,,,,
812,chandhok,CHA,Karun,Chandhok,Indian,Karun Chandhok,,,,,
813,maldonado,MAL,Pastor,Maldonado,Venezuelan,Pastor Maldonado,208.0,Lotus F1,9.9,10.0,2.7
814,resta,DIR,Paul,di Resta,British,Paul di Resta,,,,,
815,perez,PER,Sergio,Pérez,Mexican,Sergio Pérez,10.0,Force India,7.212290502793296,179.0,7.620111731843576
815,perez,PER,Sergio,Pérez,Mexican,Sergio Pérez,211.0,Racing Point,7.212290502793296,179.0,7.620111731843576
815,perez,PER,Sergio,Pérez,Mexican,Sergio Pérez,9.0,Red Bull,7.212290502793296,179.0,7.620111731843576
816,ambrosio,DAM,Jérôme,d'Ambrosio,Belgian,Jérôme d'Ambrosio,,,,,
817,ricciardo,RIC,Daniel,Ricciardo,Australian,Daniel Ricciardo,9.0,Red Bull,7.730263157894737,152.0,6.9144736842105265
817,ricciardo,RIC,Daniel,Ricciardo,Australian,Daniel Ricciardo,4.0,Renault,7.730263157894737,152.0,6.9144736842105265
817,ricciardo,RIC,Daniel,Ricciardo,Australian,Daniel Ricciardo,1.0,McLaren,7.730263157894737,152.0,6.9144736842105265
817,ricciardo,RIC,Daniel,Ricciardo,Australian,Daniel Ricciardo,213.0,AlphaTauri,7.730263157894737,152.0,6.9144736842105265
817,ricciardo,RIC,Daniel,Ricciardo,Australian,Daniel Ricciardo,215.0,RB F1 Team,7.730263157894737,152.0,6.9144736842105265
818,vergne,VER,Jean-Éric,Vergne,French,Jean-Éric Vergne,,,,,
819,pic,PIC,Charles,Pic,French,Charles Pic,,,,,
820,chilton,CHI,Max,Chilton,British,Max Chilton,,,,,
821,gutierrez,GUT,Esteban,Gutiérrez,Mexican,Esteban Gutiérrez,210.0,Haas F1 Team,13.75,16.0,0.0
822,bottas,BOT,Valtteri,Bottas,Finnish,Valtteri Bottas,3.0,Williams,6.959537572254336,173.0,9.236994219653178
822,bottas,BOT,Valtteri,Bottas,Finnish,Valtteri Bottas,131.0,Mercedes,6.959537572254336,173.0,9.236994219653178
822,bottas,BOT,Valtteri,Bottas,Finnish,Valtteri Bottas,51.0,Alfa Romeo,6.959537572254336,173.0,9.236994219653178
822,bottas,BOT,Valtteri,Bottas,Finnish,Valtteri Bottas,15.0,Sauber,6.959537572254336,173.0,9.236994219653178
823,garde,VDG,Giedo,van der Garde,Dutch,Giedo van der Garde,,,,,
824,jules_bianchi,BIA,Jules,Bianchi,French,Jules Bianchi,,,,,
825,kevin_magnussen,MAG,Kevin,Magnussen,Danish,Kevin Magnussen,4.0,Renault,13.015873015873016,126.0,1.0476190476190477
825,kevin_magnussen,MAG,Kevin,Magnussen,Danish,Kevin Magnussen,210.0,Haas F1 Team,13.015873015873016,126.0,1.0476190476190477
826,kvyat,KVY,Daniil,Kvyat,Russian,Daniil Kvyat,9.0,Red Bull,10.447368421052632,76.0,2.5526315789473686
826,kvyat,KVY,Daniil,Kvyat,Russian,Daniil Kvyat,5.0,Toro Rosso,10.447368421052632,76.0,2.5526315789473686
826,kvyat,KVY,Daniil,Kvyat,Russian,Daniil Kvyat,213.0,AlphaTauri,10.447368421052632,76.0,2.5526315789473686
827,lotterer,LOT,André,Lotterer,German,André Lotterer,,,,,
828,ericsson,ERI,Marcus,Ericsson,Swedish,Marcus Ericsson,15.0,Sauber,13.34920634920635,63.0,0.2857142857142857
829,stevens,STE,Will,Stevens,British,Will Stevens,209.0,Manor Marussia,16.066666666666666,15.0,0.0
830,max_verstappen,VER,Max,Verstappen,Dutch,Max Verstappen,5.0,Toro Rosso,3.536144578313253,166.0,16.424698795180724
830,max_verstappen,VER,Max,Verstappen,Dutch,Max Verstappen,9.0,Red Bull,3.536144578313253,166.0,16.424698795180724
831,nasr,NAS,Felipe,Nasr,Brazilian,Felipe Nasr,15.0,Sauber,13.090909090909092,33.0,0.8787878787878788
832,sainz,SAI,Carlos,Sainz,Spanish,Carlos Sainz,5.0,Toro Rosso,7.367088607594937,158.0,6.737341772151899
832,sainz,SAI,Carlos,Sainz,Spanish,Carlos Sainz,4.0,Renault,7.367088607594937,158.0,6.737341772151899
832,sainz,SAI,Carlos,Sainz,Spanish,Carlos Sainz,1.0,McLaren,7.367088607594937,158.0,6.737341772151899
832,sainz,SAI,Carlos,Sainz,Spanish,Carlos Sainz,6.0,Ferrari,7.367088607594937,158.0,6.737341772151899
833,merhi,MER,Roberto,Merhi,Spanish,Roberto Merhi,209.0,Manor Marussia,15.5,12.0,0.0
834,rossi,RSS,Alexander,Rossi,American,Alexander Rossi,209.0,Manor Marussia,15.4,5.0,0.0
835,jolyon_palmer,PAL,Jolyon,Palmer,British,Jolyon Palmer,4.0,Renault,13.26923076923077,26.0,0.34615384615384615
836,wehrlein,WEH,Pascal,Wehrlein,German,Pascal Wehrlein,209.0,Manor Marussia,15.0,31.0,0.1935483870967742
836,wehrlein,WEH,Pascal,Wehrlein,German,Pascal Wehrlein,15.0,Sauber,15.0,31.0,0.1935483870967742
837,haryanto,HAR,Rio,Haryanto,Indonesian,Rio Haryanto,209.0,Manor Marussia,18.22222222222222,9.0,0.0
838,vandoorne,VAN,Stoffel,Vandoorne,Belgian,Stoffel Vandoorne,1.0,McLaren,12.088235294117647,34.0,0.7647058823529411
839,ocon,OCO,Esteban,Ocon,French,Esteban Ocon,209.0,Manor Marussia,9.62809917355372,121.0,3.4710743801652892
839,ocon,OCO,Esteban,Ocon,French,Esteban Ocon,10.0,Force India,9.62809917355372,121.0,3.4710743801652892
839,ocon,OCO,Esteban,Ocon,French,Esteban Ocon,4.0,Renault,9.62809917355372,121.0,3.4710743801652892
839,ocon,OCO,Esteban,Ocon,French,Esteban Ocon,214.0,Alpine F1 Team,9.62809917355372,121.0,3.4710743801652892
840,stroll,STR,Lance,Stroll,Canadian,Lance Stroll,3.0,Williams,11.113636363636363,132.0,2.1136363636363638
840,stroll,STR,Lance,Stroll,Canadian,Lance Stroll,211.0,Racing Point,11.113636363636363,132.0,2.1136363636363638
840,stroll,STR,Lance,Stroll,Canadian,Lance Stroll,117.0,Aston Martin,11.113636363636363,132.0,2.1136363636363638
841,giovinazzi,GIO,Antonio,Giovinazzi,Italian,Antonio Giovinazzi,15.0,Sauber,13.392857142857142,56.0,0.375
841,giovinazzi,GIO,Antonio,Giovinazzi,Italian,Antonio Giovinazzi,51.0,Alfa Romeo,13.392857142857142,56.0,0.375
843,brendon_hartley,HAR,Brendon,Hartley,New Zealander,Brendon Hartley,5.0,Toro Rosso,13.352941176470589,17.0,0.23529411764705882
844,leclerc,LEC,Charles,Leclerc,Monegasque,Charles Leclerc,15.0,Sauber,5.672566371681416,113.0,10.371681415929203
844,leclerc,LEC,Charles,Leclerc,Monegasque,Charles Leclerc,6.0,Ferrari,5.672566371681416,113.0,10.371681415929203
845,sirotkin,SIR,Sergey,Sirotkin,Russian,Sergey Sirotkin,3.0,Williams,14.833333333333334,18.0,0.05555555555555555
846,norris,NOR,Lando,Norris,British,Lando Norris,1.0,McLaren,7.462264150943396,106.0,7.10377358490566
847,russell,RUS,George,Russell,British,George Russell,3.0,Williams,9.86,100.0,5.43
847,russell,RUS,George,Russell,British,George Russell,131.0,Mercedes,9.86,100.0,5.43
848,albon,ALB,Alexander,Albon,Thai,Alexander Albon,5.0,Toro Rosso,10.468354430379748,79.0,2.8860759493670884
848,albon,ALB,Alexander,Albon,Thai,Alexander Albon,9.0,Red Bull,10.468354430379748,79.0,2.8860759493670884
848,albon,ALB,Alexander,Albon,Thai,Alexander Albon,3.0,Williams,10.468354430379748,79.0,2.8860759493670884
849,latifi,LAT,Nicholas,Latifi,Canadian,Nicholas Latifi,3.0,Williams,15.431372549019608,51.0,0.17647058823529413
850,pietro_fittipaldi,FIT,Pietro,Fittipaldi,Brazilian,Pietro Fittipaldi,210.0,Haas F1 Team,18.0,2.0,0.0
851,aitken,AIT,Jack,Aitken,British,Jack Aitken,3.0,Williams,16.0,1.0,0.0
852,tsunoda,TSU,Yuki,Tsunoda,Japanese,Yuki Tsunoda,213.0,AlphaTauri,12.328125,64.0,1.1875
852,tsunoda,TSU,Yuki,Tsunoda,Japanese,Yuki Tsunoda,215.0,RB F1 Team,12.328125,64.0,1.1875
853,mazepin,MAZ,Nikita,Mazepin,Russian,Nikita Mazepin,210.0,Haas F1 Team,17.8125,16.0,0.0
854,mick_schumacher,MSC,Mick,Schumacher,German,Mick Schumacher,210.0,Haas F1 Team,15.052631578947368,38.0,0.3157894736842105
855,zhou,ZHO,Guanyu,Zhou,Chinese,Guanyu Zhou,51.0,Alfa Romeo,13.521739130434783,46.0,0.2608695652173913
855,zhou,ZHO,Guanyu,Zhou,Chinese,Guanyu Zhou,15.0,Sauber,13.521739130434783,46.0,0.2608695652173913
856,de_vries,DEV,Nyck,de Vries,Dutch,Nyck de Vries,3.0,Williams,14.8,10.0,0.2
856,de_vries,DEV,Nyck,de Vries,Dutch,Nyck de Vries,213.0,AlphaTauri,14.8,10.0,0.2
857,piastri,PIA,Oscar,Piastri,Australian,Oscar Piastri,1.0,McLaren,8.266666666666667,30.0,6.066666666666666
858,sargeant,SAR,Logan,Sargeant,American,Logan Sargeant,3.0,Williams,15.76,25.0,0.04
859,lawson,LAW,Liam,Lawson,New Zealander,Liam Lawson,213.0,AlphaTauri,12.2,5.0,0.4
860,bearman,BEA,Oliver,Bearman,British,Oliver Bearman,6.0,Ferrari,7.0,1.0,6.0
